0,1,2,3,4,5,6,7,8,9,10,11,12,13,14,15,16,17,18,19,20,21,22,23,24,25,26,27,28,29,30,31,32,33,34,35,36,37,38,39
very-light-blue,very-light-blue,very-light-blue,very-light-blue,very-light-blue,very-light-blue,very-light-blue,very-light-blue,very-light-blue,very-light-blue,very-light-blue,very-light-blue,very-light-blue,very-light-blue,very-light-blue,very-light-blue,very-light-blue,very-light-blue,very-light-blue,brass,medium-grey,very-light-blue,white,very-light-blue,very-light-blue,very-light-blue,very-light-blue,very-light-blue,very-light-blue,very-light-blue,very-light-blue,very-light-blue,very-light-blue,very-light-blue,very-light-blue,very-light-blue,very-light-blue,very-light-blue,very-light-blue,very-light-blue
very-light-blue,very-light-blue,very-light-blue,very-light-blue,very-light-blue,very-light-blue,very-light-blue,very-light-blue,very-light-blue,very-light-blue,very-light-blue,very-light-blue,very-light-blue,very-light-blue,very-light-blue,very-light-blue,medium-grey,dark-grey,medium-grey,antique-brass,dark-green,medium-grey,dark-green,medium-grey,grey,light-lavender,very-light-blue,very-light-blue,very-light-blue,very-light-blue,very-light-blue,very-light-blue,very-light-blue,very-light-blue,very-light-blue,very-light-blue,very-light-blue,very-light-blue,very-light-blue,very-light-blue
very-light-blue,very-light-blue,very-light-blue,very-light-blue,very-light-blue,very-light-blue,very-light-blue,very-light-blue,very-light-blue,very-light-blue,very-light-blue,very-light-blue,very-light-blue,grey,dark-green,brass,pewter,brown,black,light-rose,dark-beige,coffee,rosewood,dark-green,dark-green,black,very-light-blue,very-light-blue,very-light-blue,very-light-blue,very-light-blue,very-light-blue,very-light-blue,very-light-blue,very-light-blue,very-light-blue,very-light-blue,very-light-blue,very-light-blue,very-light-blue
very-light-blue,very-light-blue,very-light-blue,very-light-blue,very-light-blue,very-light-blue,very-light-blue,very-light-blue,very-light-blue,very-light-blue,very-light-blue,very-light-blue,very-light-blue,grey,dark-green,light-rose,dark-green,dark-beige,brown,pink,pink,antique-brass,rosewood,brass,pink,black,very-light-blue,very-light-blue,very-light-blue,very-light-blue,very-light-blue,very-light-blue,very-light-blue,very-light-blue,very-light-blue,very-light-blue,very-light-blue,very-light-blue,very-light-blue,very-light-blue
very-light-blue,very-light-blue,very-light-blue,very-light-blue,very-light-blue,very-light-blue,very-light-blue,very-light-blue,very-light-blue,very-light-blue,very-light-blue,very-light-blue,very-light-blue,medium-grey,coffee,light-rose,salmon,rosewood,antique-brass,pale-peach,pale-peach,antique-brass,light-rose,pink,dark-beige,dark-green,lavender,very-light-blue,very-light-blue,very-light-blue,very-light-blue,very-light-blue,very-light-blue,very-light-blue,very-light-blue,very-light-blue,very-light-blue,very-light-blue,very-light-blue,very-light-blue
very-light-blue,very-light-blue,very-light-blue,very-light-blue,very-light-blue,very-light-blue,very-light-blue,very-light-blue,very-light-blue,very-light-blue,very-light-blue,very-light-blue,very-light-blue,medium-grey,antique-brass,light-rose,brass,antique-brass,antique-brass,pale-peach,pale-peach,pewter,antique-brass,brass,brass,antique-brass,brass,very-light-blue,very-light-blue,very-light-blue,very-light-blue,very-light-blue,very-light-blue,very-light-blue,very-light-blue,very-light-blue,very-light-blue,very-light-blue,very-light-blue,very-light-blue
very-light-blue,very-light-blue,very-light-blue,very-light-blue,very-light-blue,very-light-blue,very-light-blue,very-light-blue,very-light-blue,very-light-blue,very-light-blue,very-light-blue,very-light-blue,medium-grey,coffee,light-rose,pale-peach,pale-peach,light-rose,antique-brass,antique-brass,light-rose,pale-peach,pale-peach,pink,dark-green,dark-grey,very-light-blue,very-light-blue,very-light-blue,very-light-blue,very-light-blue,very-light-blue,very-light-blue,very-light-blue,very-light-blue,very-light-blue,very-light-blue,very-light-blue,very-light-blue
very-light-blue,very-light-blue,very-light-blue,very-light-blue,very-light-blue,very-light-blue,very-light-blue,very-light-blue,very-light-blue,very-light-blue,very-light-blue,medium-grey,dark-green,rainforest,green,rainforest,brass,pink,pale-peach,pink,antique-brass,pale-peach,pink,light-rose,rainforest,green,rainforest,pewter,light-lavender,very-light-blue,very-light-blue,very-light-blue,very-light-blue,very-light-blue,very-light-blue,very-light-blue,very-light-blue,very-light-blue,very-light-blue,very-light-blue
very-light-blue,very-light-blue,very-light-blue,very-light-blue,very-light-blue,very-light-blue,very-light-blue,very-light-blue,very-light-blue,very-light-blue,brass,dark-green,green,spring-green,green,green,green,rainforest,antique-brass,brass,dark-green,antique-brass,rainforest,rainforest,green,green,spring-green,green,dark-green,dark-grey,very-light-blue,very-light-blue,very-light-blue,very-light-blue,very-light-blue,very-light-blue,very-light-blue,very-light-blue,very-light-blue,very-light-blue
very-light-blue,very-light-blue,very-light-blue,very-light-blue,very-light-blue,very-light-blue,very-light-blue,very-light-blue,very-light-blue,antique-brass,dark-green,green,spring-green,green,green,green,green,green,green,green,green,green,green,green,green,green,green,spring-green,green,dark-green,brass,very-light-blue,very-light-blue,very-light-blue,very-light-blue,very-light-blue,very-light-blue,very-light-blue,very-light-blue,very-light-blue
very-light-blue,very-light-blue,very-light-blue,very-light-blue,very-light-blue,very-light-blue,very-light-blue,very-light-blue,dark-grey,dark-green,green,spring-green,green,green,green,green,green,green,green,spring-green,green,green,green,green,green,green,green,green,spring-green,green,dark-green,medium-grey,very-light-blue,very-light-blue,very-light-blue,very-light-blue,very-light-blue,very-light-blue,very-light-blue,very-light-blue
very-light-blue,very-light-blue,very-light-blue,very-light-blue,very-light-blue,very-light-blue,very-light-blue,lavender,dark-green,green,green,spring-green,green,green,green,green,green,green,green,spring-green,green,green,green,green,green,green,green,green,spring-green,green,green,dark-green,grey,very-light-blue,very-light-blue,very-light-blue,very-light-blue,very-light-blue,very-light-blue,very-light-blue
very-light-blue,very-light-blue,very-light-blue,very-light-blue,very-light-blue,very-light-blue,very-light-blue,pewter,rainforest,green,spring-green,green,green,green,green,green,green,green,green,spring-green,green,green,green,green,green,green,green,green,green,spring-green,green,rainforest,antique-brass,very-light-blue,very-light-blue,very-light-blue,very-light-blue,very-light-blue,very-light-blue,very-light-blue
very-light-blue,very-light-blue,very-light-blue,very-light-blue,very-light-blue,very-light-blue,light-lavender,dark-green,green,green,spring-green,green,green,green,green,green,green,green,green,spring-green,green,green,green,green,green,green,green,green,green,spring-green,green,green,dark-green,grey,very-light-blue,very-light-blue,very-light-blue,very-light-blue,very-light-blue,very-light-blue
very-light-blue,very-light-blue,very-light-blue,very-light-blue,very-light-blue,very-light-blue,dark-grey,rainforest,green,green,spring-green,green,green,green,green,green,green,green,green,spring-green,green,green,green,green,green,green,green,green,green,spring-green,green,green,rainforest,medium-grey,very-light-blue,very-light-blue,very-light-blue,very-light-blue,very-light-blue,very-light-blue
very-light-blue,very-light-blue,very-light-blue,very-light-blue,very-light-blue,very-light-blue,pewter,rainforest,green,spring-green,green,green,green,green,green,green,green,green,green,spring-green,green,green,green,green,green,green,green,green,green,green,spring-green,green,rainforest,antique-brass,very-light-blue,very-light-blue,very-light-blue,very-light-blue,very-light-blue,very-light-blue
very-light-blue,very-light-blue,very-light-blue,very-light-blue,very-light-blue,very-light-blue,coffee,green,green,spring-green,green,green,green,green,green,green,green,green,green,spring-green,green,green,green,green,green,green,green,green,green,green,spring-green,green,green,dark-green,very-light-blue,very-light-blue,very-light-blue,very-light-blue,very-light-blue,very-light-blue
very-light-blue,very-light-blue,very-light-blue,very-light-blue,very-light-blue,white,black,green,green,spring-green,green,green,green,green,green,green,green,green,green,spring-green,green,green,green,green,green,green,green,green,green,green,spring-green,green,green,coffee,white,very-light-blue,very-light-blue,very-light-blue,very-light-blue,very-light-blue
very-light-blue,very-light-blue,very-light-blue,very-light-blue,very-light-blue,grey,coffee,green,green,spring-green,green,green,green,green,green,green,green,green,green,spring-green,green,green,green,green,green,green,green,green,green,green,spring-green,green,green,coffee,grey,very-light-blue,very-light-blue,very-light-blue,very-light-blue,very-light-blue
very-light-blue,very-light-blue,very-light-blue,very-light-blue,very-light-blue,white,black,green,green,spring-green,green,green,green,green,green,green,green,green,green,spring-green,green,green,green,green,green,green,green,green,green,green,spring-green,green,green,coffee,white,very-light-blue,very-light-blue,very-light-blue,very-light-blue,very-light-blue
very-light-blue,grey,light-lavender,light-lavender,light-lavender,lavender,black,green,green,spring-green,green,green,green,green,green,green,green,green,green,green,green,green,green,green,green,green,green,green,green,green,spring-green,green,green,black,lavender,light-lavender,light-lavender,light-lavender,grey,very-light-blue
dark-grey,brown,mahogany,mahogany,mahogany,mahogany,mahogany,mahogany,mahogany,mahogany,mahogany,mahogany,mahogany,mahogany,mahogany,mahogany,mahogany,mahogany,mahogany,mahogany,mahogany,mahogany,mahogany,mahogany,mahogany,mahogany,mahogany,mahogany,mahogany,mahogany,mahogany,mahogany,mahogany,mahogany,mahogany,mahogany,mahogany,mahogany,brown,dark-grey
dark-green,medium-gold,light-orange,light-orange,light-orange,light-orange,light-orange,light-orange,light-orange,light-orange,light-orange,light-orange,light-orange,light-orange,light-orange,light-orange,light-orange,light-orange,light-orange,light-orange,light-orange,light-orange,light-orange,light-orange,light-orange,light-orange,light-orange,light-orange,light-orange,light-orange,light-orange,light-orange,light-orange,light-orange,light-orange,light-orange,light-orange,light-orange,medium-gold,dark-green
dark-green,medium-gold,light-orange,light-orange,light-orange,light-orange,light-orange,light-orange,light-orange,light-orange,light-orange,light-orange,light-orange,light-orange,light-orange,light-orange,light-orange,light-orange,light-orange,light-orange,light-orange,light-orange,light-orange,light-orange,light-orange,light-orange,light-orange,light-orange,light-orange,light-orange,light-orange,light-orange,light-orange,light-orange,light-orange,light-orange,light-orange,light-orange,medium-gold,dark-green
dark-green,medium-gold,light-orange,light-orange,light-orange,light-orange,light-orange,light-orange,light-orange,light-orange,light-orange,light-orange,light-orange,light-orange,light-orange,light-orange,light-orange,light-orange,light-orange,light-orange,light-orange,light-orange,light-orange,light-orange,light-orange,light-orange,light-orange,light-orange,light-orange,light-orange,light-orange,light-orange,light-orange,light-orange,light-orange,light-orange,light-orange,light-orange,medium-gold,dark-green
dark-green,medium-gold,light-orange,light-orange,light-orange,light-orange,light-orange,light-orange,light-orange,light-orange,light-orange,light-orange,light-orange,light-orange,light-orange,light-orange,light-orange,light-orange,light-orange,light-orange,light-orange,light-orange,light-orange,light-orange,light-orange,light-orange,light-orange,light-orange,light-orange,light-orange,light-orange,light-orange,light-orange,light-orange,light-orange,light-orange,light-orange,light-orange,medium-gold,dark-green
dark-green,medium-gold,light-orange,light-orange,light-orange,light-orange,light-orange,light-orange,light-orange,light-orange,light-orange,light-orange,light-orange,light-orange,light-orange,light-orange,light-orange,light-orange,light-orange,light-orange,light-orange,light-orange,light-orange,light-orange,light-orange,light-orange,light-orange,light-orange,light-orange,light-orange,light-orange,light-orange,light-orange,light-orange,light-orange,light-orange,light-orange,light-orange,medium-gold,dark-green
pewter,bronze,medium-gold,medium-gold,medium-gold,medium-gold,medium-gold,medium-gold,medium-gold,medium-gold,medium-gold,medium-gold,medium-gold,medium-gold,medium-gold,medium-gold,medium-gold,medium-gold,medium-gold,medium-gold,medium-gold,medium-gold,medium-gold,medium-gold,medium-gold,medium-gold,medium-gold,medium-gold,medium-gold,medium-gold,medium-gold,medium-gold,medium-gold,medium-gold,medium-gold,medium-gold,medium-gold,medium-gold,bronze,pewter
grey,antique-brass,pewter,coffee,mahogany,terra-cotta,terra-cotta,terra-cotta,terra-cotta,terra-cotta,terra-cotta,terra-cotta,terra-cotta,terra-cotta,terra-cotta,terra-cotta,terra-cotta,terra-cotta,terra-cotta,terra-cotta,terra-cotta,terra-cotta,terra-cotta,terra-cotta,terra-cotta,terra-cotta,terra-cotta,terra-cotta,terra-cotta,terra-cotta,terra-cotta,terra-cotta,terra-cotta,terra-cotta,terra-cotta,mahogany,coffee,pewter,antique-brass,grey
very-light-blue,very-light-blue,very-light-blue,black,orange,light-orange,light-orange,light-orange,light-orange,light-orange,light-orange,light-orange,light-orange,light-orange,light-orange,light-orange,light-orange,light-orange,light-orange,light-orange,light-orange,light-orange,light-orange,light-orange,light-orange,light-orange,light-orange,light-orange,light-orange,light-orange,light-orange,light-orange,light-orange,light-orange,light-orange,orange,black,very-light-blue,very-light-blue,very-light-blue
very-light-blue,very-light-blue,very-light-blue,black,medium-gold,light-orange,light-orange,light-orange,light-orange,light-orange,light-orange,light-orange,light-orange,light-orange,light-orange,light-orange,light-orange,light-orange,light-orange,light-orange,light-orange,light-orange,light-orange,light-orange,light-orange,light-orange,light-orange,light-orange,light-orange,light-orange,light-orange,light-orange,light-orange,light-orange,light-orange,medium-gold,black,very-light-blue,very-light-blue,very-light-blue
very-light-blue,very-light-blue,very-light-blue,dark-green,medium-gold,light-orange,light-orange,light-orange,light-orange,light-orange,light-orange,light-orange,light-orange,light-orange,light-orange,light-orange,light-orange,light-orange,light-orange,light-orange,light-orange,light-orange,light-orange,light-orange,light-orange,light-orange,light-orange,light-orange,light-orange,light-orange,light-orange,light-orange,light-orange,light-orange,light-orange,pale-gold,dark-green,very-light-blue,very-light-blue,very-light-blue
very-light-blue,very-light-blue,very-light-blue,dark-green,pale-gold,light-orange,light-orange,light-orange,light-orange,light-orange,light-orange,light-orange,light-orange,light-orange,light-orange,light-orange,light-orange,light-orange,light-orange,light-orange,light-orange,light-orange,light-orange,light-orange,light-orange,light-orange,light-orange,light-orange,light-orange,light-orange,light-orange,light-orange,light-orange,light-orange,light-orange,pale-gold,pewter,very-light-blue,very-light-blue,very-light-blue
very-light-blue,very-light-blue,very-light-blue,antique-brass,pale-gold,light-orange,light-orange,light-orange,light-orange,light-orange,light-orange,light-orange,light-orange,light-orange,light-orange,light-orange,light-orange,light-orange,light-orange,light-orange,light-orange,light-orange,light-orange,light-orange,light-orange,light-orange,light-orange,light-orange,light-orange,light-orange,light-orange,light-orange,light-orange,light-orange,light-orange,bronze,antique-brass,very-light-blue,very-light-blue,very-light-blue
very-light-blue,very-light-blue,very-light-blue,antique-brass,bronze,light-orange,light-orange,light-orange,light-orange,light-orange,light-orange,light-orange,light-orange,light-orange,light-orange,light-orange,light-orange,light-orange,light-orange,light-orange,light-orange,light-orange,light-orange,light-orange,light-orange,light-orange,light-orange,light-orange,light-orange,light-orange,light-orange,light-orange,light-orange,light-orange,light-orange,bronze,antique-brass,very-light-blue,very-light-blue,very-light-blue
very-light-blue,very-light-blue,very-light-blue,dark-grey,bronze,light-orange,light-orange,light-orange,light-orange,light-orange,light-orange,light-orange,light-orange,light-orange,light-orange,light-orange,light-orange,light-orange,light-orange,light-orange,light-orange,light-orange,light-orange,light-orange,light-orange,light-orange,light-orange,light-orange,light-orange,light-orange,light-orange,light-orange,light-orange,light-orange,light-orange,medium-brown,dark-grey,very-light-blue,very-light-blue,very-light-blue
very-light-blue,very-light-blue,very-light-blue,medium-grey,terra-cotta,light-orange,light-orange,light-orange,light-orange,light-orange,light-orange,light-orange,light-orange,light-orange,light-orange,light-orange,light-orange,light-orange,light-orange,light-orange,light-orange,light-orange,light-orange,light-orange,light-orange,light-orange,light-orange,light-orange,light-orange,light-orange,light-orange,light-orange,light-orange,light-orange,light-orange,terra-cotta,medium-grey,very-light-blue,very-light-blue,very-light-blue
very-light-blue,very-light-blue,very-light-blue,medium-grey,mahogany,light-orange,light-orange,light-orange,light-orange,light-orange,light-orange,light-orange,light-orange,light-orange,light-orange,light-orange,light-orange,light-orange,light-orange,light-orange,light-orange,light-orange,light-orange,light-orange,light-orange,light-orange,light-orange,light-orange,light-orange,light-orange,light-orange,light-orange,light-orange,light-orange,light-orange,terra-cotta,medium-grey,very-light-blue,very-light-blue,very-light-blue
very-light-blue,very-light-blue,very-light-blue,lavender,brown,light-orange,light-orange,light-orange,light-orange,light-orange,light-orange,pale-gold,pale-gold,light-orange,light-orange,light-orange,light-orange,light-orange,light-orange,light-orange,light-orange,light-orange,light-orange,light-orange,light-orange,light-orange,light-orange,pale-gold,pale-gold,light-orange,light-orange,light-orange,light-orange,light-orange,light-orange,mahogany,lavender,very-light-blue,very-light-blue,very-light-blue
very-light-blue,very-light-blue,very-light-blue,grey,coffee,light-orange,light-orange,light-orange,light-orange,pale-gold,brown,bronze,terra-cotta,terra-cotta,light-orange,light-orange,light-orange,light-orange,light-orange,light-orange,light-orange,light-orange,light-orange,light-orange,light-orange,light-orange,mahogany,terra-cotta,bronze,brown,pale-gold,light-orange,light-orange,light-orange,light-orange,coffee,grey,very-light-blue,very-light-blue,very-light-blue
very-light-blue,very-light-blue,very-light-blue,white,coffee,light-orange,light-orange,light-orange,light-orange,mahogany,light-orange,light-orange,light-orange,terra-cotta,pale-gold,light-orange,light-orange,light-orange,light-orange,light-orange,light-orange,light-orange,light-orange,light-orange,light-orange,bronze,medium-brown,light-orange,light-orange,medium-gold,mahogany,light-orange,light-orange,light-orange,light-orange,coffee,white,very-light-blue,very-light-blue,very-light-blue
very-light-blue,very-light-blue,very-light-blue,very-light-blue,dark-green,medium-gold,light-orange,light-orange,light-orange,medium-brown,light-orange,light-orange,light-orange,pale-gold,pale-gold,light-orange,light-orange,terra-cotta,mahogany,antique-brass,coffee,coffee,medium-brown,light-orange,light-orange,pale-gold,medium-gold,light-orange,light-orange,light-orange,medium-brown,light-orange,light-orange,light-orange,medium-gold,dark-green,very-light-blue,very-light-blue,very-light-blue,very-light-blue
very-light-blue,very-light-blue,very-light-blue,very-light-blue,antique-brass,bronze,light-orange,light-orange,light-orange,light-orange,light-orange,light-orange,light-orange,light-orange,light-orange,light-orange,light-orange,bronze,dark-beige,salmon,medium-brown,black,bronze,light-orange,light-orange,light-orange,light-orange,light-orange,light-orange,light-orange,light-orange,light-orange,light-orange,light-orange,pale-gold,antique-brass,very-light-blue,very-light-blue,very-light-blue,very-light-blue
very-light-blue,very-light-blue,very-light-blue,very-light-blue,brass,bronze,light-orange,light-orange,light-orange,light-orange,light-orange,light-orange,light-orange,light-orange,light-orange,light-orange,light-orange,light-orange,brown,dark-tan,dark-beige,brown,light-orange,light-orange,light-orange,light-orange,light-orange,light-orange,light-orange,light-orange,light-orange,light-orange,light-orange,light-orange,bronze,brass,very-light-blue,very-light-blue,very-light-blue,very-light-blue
very-light-blue,very-light-blue,very-light-blue,very-light-blue,medium-grey,terra-cotta,light-orange,light-orange,light-orange,light-orange,light-orange,light-orange,light-orange,light-orange,light-orange,light-orange,light-orange,light-orange,medium-gold,terra-cotta,medium-brown,light-orange,light-orange,light-orange,light-orange,light-orange,light-orange,light-orange,light-orange,light-orange,light-orange,light-orange,light-orange,light-orange,terra-cotta,medium-grey,very-light-blue,very-light-blue,very-light-blue,very-light-blue
very-light-blue,very-light-blue,very-light-blue,very-light-blue,lavender,brown,light-orange,light-orange,light-orange,light-orange,light-orange,light-orange,light-orange,light-orange,light-orange,light-orange,light-orange,light-orange,light-orange,light-orange,light-orange,light-orange,light-orange,light-orange,light-orange,light-orange,light-orange,light-orange,light-orange,light-orange,light-orange,light-orange,light-orange,light-orange,brown,lavender,very-light-blue,very-light-blue,very-light-blue,very-light-blue
very-light-blue,very-light-blue,very-light-blue,very-light-blue,grey,coffee,light-orange,light-orange,light-orange,light-orange,light-orange,light-orange,light-orange,light-orange,light-orange,light-orange,light-orange,light-orange,light-orange,light-orange,light-orange,light-orange,light-orange,light-orange,light-orange,light-orange,light-orange,light-orange,light-orange,light-orange,light-orange,light-orange,light-orange,light-orange,coffee,grey,very-light-blue,very-light-blue,very-light-blue,very-light-blue
very-light-blue,very-light-blue,very-light-blue,very-light-blue,very-light-blue,black,medium-gold,light-orange,light-orange,light-orange,light-orange,light-orange,light-orange,light-orange,light-orange,light-orange,light-orange,light-orange,light-orange,light-orange,light-orange,light-orange,light-orange,light-orange,light-orange,light-orange,light-orange,light-orange,light-orange,light-orange,light-orange,light-orange,light-orange,medium-gold,black,very-light-blue,very-light-blue,very-light-blue,very-light-blue,very-light-blue
very-light-blue,very-light-blue,very-light-blue,very-light-blue,very-light-blue,brass,terra-cotta,light-orange,light-orange,light-orange,light-orange,light-orange,light-orange,light-orange,light-orange,light-orange,light-orange,light-orange,light-orange,light-orange,light-orange,light-orange,light-orange,light-orange,light-orange,light-orange,light-orange,light-orange,light-orange,light-orange,light-orange,light-orange,light-orange,terra-cotta,brass,very-light-blue,very-light-blue,very-light-blue,very-light-blue,very-light-blue
very-light-blue,very-light-blue,very-light-blue,very-light-blue,very-light-blue,white,antique-brass,brown,mahogany,mahogany,mahogany,mahogany,mahogany,mahogany,mahogany,mahogany,mahogany,mahogany,mahogany,mahogany,mahogany,mahogany,mahogany,mahogany,mahogany,mahogany,mahogany,mahogany,mahogany,mahogany,mahogany,mahogany,brown,antique-brass,white,very-light-blue,very-light-blue,very-light-blue,very-light-blue,very-light-blue
very-light-blue,very-light-blue,very-light-blue,very-light-blue,very-light-blue,very-light-blue,very-light-blue,grey,lavender,lavender,lavender,lavender,lavender,lavender,lavender,lavender,lavender,lavender,lavender,lavender,lavender,lavender,lavender,lavender,lavender,lavender,lavender,lavender,lavender,lavender,lavender,lavender,grey,very-light-blue,very-light-blue,very-light-blue,very-light-blue,very-light-blue,very-light-blue,very-light-blue
very-light-blue,very-light-blue,very-light-blue,very-light-blue,very-light-blue,very-light-blue,very-light-blue,very-light-blue,very-light-blue,very-light-blue,very-light-blue,very-light-blue,very-light-blue,very-light-blue,very-light-blue,very-light-blue,very-light-blue,very-light-blue,very-light-blue,very-light-blue,very-light-blue,very-light-blue,very-light-blue,very-light-blue,very-light-blue,very-light-blue,very-light-blue,very-light-blue,very-light-blue,very-light-blue,very-light-blue,very-light-blue,very-light-blue,very-light-blue,very-light-blue,very-light-blue,very-light-blue,very-light-blue,very-light-blue,very-light-blue
