0,1,2,3,4,5,6,7,8,9,10,11,12,13,14,15,16,17,18,19,20,21,22,23,24,25,26,27,28,29,30,31,32,33,34,35,36,37,38,39,40,41,42,43,44,45,46,47,48,49
dark-purple,dark-purple,dark-purple,dark-purple,dark-purple,dark-purple,dark-purple,dark-purple,dark-purple,dark-purple,dark-purple,dark-purple,dark-purple,dark-purple,dark-purple,dark-purple,dark-purple,dark-purple,dark-purple,dark-purple,dark-purple,dark-purple,dark-purple,dark-purple,dark-purple,dark-purple,dark-purple,dark-purple,dark-purple,dark-purple,dark-purple,dark-purple,dark-purple,dark-purple,dark-purple,dark-purple,dark-purple,dark-purple,dark-purple,dark-purple,dark-purple,dark-purple,dark-purple,dark-purple,dark-purple,dark-purple,dark-purple,dark-purple,dark-purple,dark-purple
dark-purple,dark-purple,dark-purple,dark-purple,dark-purple,dark-purple,dark-purple,dark-purple,dark-purple,dark-purple,dark-purple,dark-purple,dark-purple,dark-purple,dark-purple,dark-purple,dark-purple,dark-purple,dark-purple,dark-purple,dark-purple,dark-purple,dark-purple,dark-purple,dark-purple,dark-purple,dark-purple,dark-purple,dark-purple,dark-purple,dark-purple,dark-purple,dark-purple,dark-purple,dark-purple,dark-purple,dark-purple,dark-purple,dark-purple,dark-purple,dark-purple,dark-purple,dark-purple,dark-purple,dark-purple,dark-purple,dark-purple,dark-purple,dark-purple,dark-purple
dark-purple,dark-purple,dark-purple,dark-purple,dark-purple,dark-purple,dark-purple,dark-purple,dark-purple,dark-purple,dark-purple,dark-purple,dark-purple,dark-purple,dark-purple,dark-purple,dark-purple,dark-purple,dark-purple,dark-purple,dark-purple,dark-purple,dark-purple,dark-purple,dark-purple,dark-purple,dark-purple,dark-purple,dark-purple,dark-purple,dark-purple,dark-purple,dark-purple,dark-purple,dark-purple,dark-purple,dark-purple,dark-purple,dark-purple,dark-purple,dark-purple,dark-purple,dark-purple,dark-purple,dark-purple,dark-purple,dark-purple,dark-purple,dark-purple,dark-purple
dark-purple,dark-purple,dark-purple,dark-purple,dark-purple,dark-purple,dark-purple,dark-purple,dark-purple,dark-purple,dark-purple,dark-purple,dark-purple,dark-purple,dark-purple,dark-purple,dark-purple,dark-purple,dark-purple,dark-purple,dark-purple,dark-purple,dark-purple,dark-purple,dark-purple,dark-purple,dark-purple,dark-purple,dark-purple,dark-purple,dark-purple,dark-purple,dark-purple,dark-purple,dark-purple,dark-purple,dark-purple,dark-purple,dark-purple,dark-purple,dark-purple,dark-purple,dark-purple,dark-purple,dark-purple,dark-purple,dark-purple,dark-purple,dark-purple,dark-purple
dark-purple,dark-purple,dark-purple,dark-purple,dark-purple,dark-purple,dark-purple,dark-purple,dark-purple,dark-purple,dark-purple,dark-purple,dark-purple,dark-purple,dark-purple,dark-purple,dark-purple,dark-purple,dark-purple,dark-purple,dark-purple,black,black,black,black,dark-purple,dark-purple,dark-purple,dark-purple,dark-purple,black,black,black,black,black,dark-purple,dark-purple,dark-purple,dark-purple,dark-purple,dark-purple,dark-purple,dark-purple,dark-purple,dark-purple,dark-purple,dark-purple,dark-purple,dark-purple,dark-purple
dark-purple,dark-purple,dark-purple,dark-purple,dark-purple,dark-purple,dark-purple,dark-purple,dark-purple,dark-purple,dark-purple,dark-purple,dark-purple,dark-purple,dark-purple,dark-purple,dark-purple,dark-purple,dark-purple,black,black,black,brown,mahogany,black,black,black,dark-purple,black,black,black,brown,mahogany,brown,black,black,black,dark-purple,dark-purple,dark-purple,dark-purple,dark-purple,dark-purple,dark-purple,dark-purple,dark-purple,dark-purple,dark-purple,dark-purple,dark-purple
dark-purple,dark-purple,dark-purple,dark-purple,dark-purple,dark-purple,dark-purple,dark-purple,dark-purple,dark-purple,dark-purple,dark-purple,dark-purple,dark-purple,dark-purple,dark-purple,dark-purple,black,black,black,dark-coral,dark-tan,pale-peach,pale-peach,dark-tan,mahogany,black,black,black,dark-coral,bright-red,dark-tan,dark-tan,dark-tan,bright-red,brown,black,dark-purple,dark-purple,dark-purple,dark-purple,dark-purple,dark-purple,dark-purple,dark-purple,dark-purple,dark-purple,dark-purple,dark-purple,dark-purple
dark-purple,dark-purple,dark-purple,dark-purple,dark-purple,dark-purple,dark-purple,dark-purple,dark-purple,dark-purple,dark-purple,dark-purple,dark-purple,dark-purple,dark-purple,dark-purple,black,black,brown,bright-red,dark-tan,white,white,white,white,dark-tan,black,black,bright-red,dark-tan,ecru,white,white,white,dark-tan,dark-coral,black,black,dark-purple,dark-purple,dark-purple,dark-purple,dark-purple,dark-purple,dark-purple,dark-purple,dark-purple,dark-purple,dark-purple,dark-purple
dark-purple,dark-purple,dark-purple,dark-purple,dark-purple,dark-purple,dark-purple,dark-purple,dark-purple,dark-purple,dark-purple,dark-purple,dark-purple,dark-purple,dark-purple,dark-purple,black,brown,bright-red,bright-red,white,white,white,white,white,dark-tan,dark-coral,bright-red,bright-red,pale-peach,white,white,white,white,pale-peach,bright-red,brown,black,dark-purple,dark-purple,dark-purple,dark-purple,dark-purple,dark-purple,dark-purple,dark-purple,dark-purple,dark-purple,dark-purple,dark-purple
dark-purple,dark-purple,dark-purple,dark-purple,dark-purple,dark-purple,dark-purple,dark-purple,dark-purple,dark-purple,dark-purple,dark-purple,dark-purple,dark-purple,dark-purple,black,black,bright-red,bright-red,bright-red,dark-tan,dark-tan,dark-tan,pale-peach,pale-peach,bright-red,bright-red,bright-red,bright-red,dark-tan,dark-tan,bright-red,dark-tan,pale-peach,dark-tan,bright-red,dark-coral,black,dark-purple,dark-purple,dark-purple,dark-purple,dark-purple,dark-purple,dark-purple,dark-purple,dark-purple,dark-purple,dark-purple,dark-purple
dark-purple,dark-purple,dark-purple,dark-purple,dark-purple,dark-purple,dark-purple,dark-purple,dark-purple,dark-purple,dark-purple,dark-purple,dark-purple,dark-purple,black,black,dark-coral,bright-red,bright-red,bright-red,bright-red,bright-red,bright-red,bright-red,bright-red,bright-red,bright-red,bright-red,bright-red,bright-red,bright-red,bright-red,bright-red,bright-red,bright-red,bright-red,bright-red,black,black,dark-purple,dark-purple,dark-purple,dark-purple,dark-purple,dark-purple,dark-purple,dark-purple,dark-purple,dark-purple,dark-purple
dark-purple,dark-purple,dark-purple,dark-purple,dark-purple,dark-purple,dark-purple,dark-purple,dark-purple,dark-purple,dark-purple,dark-purple,dark-purple,dark-purple,black,brown,bright-red,bright-red,bright-red,bright-red,bright-red,bright-red,bright-red,bright-red,bright-red,bright-red,bright-red,bright-red,bright-red,bright-red,bright-red,bright-red,bright-red,bright-red,bright-red,bright-red,bright-red,mahogany,black,dark-purple,dark-purple,dark-purple,dark-purple,dark-purple,dark-purple,dark-purple,dark-purple,dark-purple,dark-purple,dark-purple
dark-purple,dark-purple,dark-purple,dark-purple,dark-purple,dark-purple,dark-purple,dark-purple,dark-purple,dark-purple,dark-purple,dark-purple,dark-purple,black,black,dark-coral,bright-red,bright-red,bright-red,bright-red,bright-red,bright-red,bright-red,bright-red,bright-red,bright-red,bright-red,bright-red,bright-red,bright-red,bright-red,bright-red,bright-red,bright-red,bright-red,bright-red,bright-red,bright-red,black,black,dark-purple,dark-purple,dark-purple,dark-purple,dark-purple,dark-purple,dark-purple,dark-purple,dark-purple,dark-purple
dark-purple,dark-purple,dark-purple,dark-purple,dark-purple,dark-purple,dark-purple,dark-purple,dark-purple,dark-purple,dark-purple,dark-purple,dark-purple,black,brown,bright-red,bright-red,dark-coral,dark-beige,dark-beige,dark-tan,dark-tan,dark-coral,bright-red,bright-red,bright-red,bright-red,dark-coral,dark-beige,dark-tan,dark-tan,dark-beige,dark-coral,bright-red,bright-red,bright-red,bright-red,bright-red,mahogany,black,dark-purple,dark-purple,dark-purple,dark-purple,dark-purple,dark-purple,dark-purple,dark-purple,dark-purple,dark-purple
dark-purple,dark-purple,dark-purple,dark-purple,dark-purple,dark-purple,dark-purple,dark-purple,dark-purple,dark-purple,dark-purple,dark-purple,black,black,dark-coral,bright-red,dark-coral,pale-peach,white,white,white,white,white,dark-tan,dark-beige,dark-beige,dark-tan,white,white,white,white,white,pale-peach,dark-coral,bright-red,bright-red,bright-red,bright-red,bright-red,black,black,dark-purple,dark-purple,dark-purple,dark-purple,dark-purple,dark-purple,dark-purple,dark-purple,dark-purple
dark-purple,dark-purple,dark-purple,dark-purple,dark-purple,dark-purple,dark-purple,dark-purple,dark-purple,dark-purple,black,black,black,dark-coral,bright-red,brown,pewter,white,white,white,white,white,white,white,white,white,white,white,white,white,white,white,white,pale-peach,dark-coral,bright-red,bright-red,bright-red,bright-red,dark-coral,black,black,black,dark-purple,dark-purple,dark-purple,dark-purple,dark-purple,dark-purple,dark-purple
dark-purple,dark-purple,dark-purple,dark-purple,dark-purple,dark-purple,dark-purple,dark-purple,dark-purple,black,black,brown,dark-coral,dark-coral,black,black,black,black,antique-brass,black,white,white,white,white,white,white,white,white,white,white,white,white,white,white,dark-tan,bright-red,bright-red,bright-red,bright-red,bright-red,dark-coral,brown,black,black,dark-purple,dark-purple,dark-purple,dark-purple,dark-purple,dark-purple
dark-purple,dark-purple,dark-purple,dark-purple,dark-purple,dark-purple,dark-purple,dark-purple,black,black,mahogany,bright-red,dark-coral,black,black,black,black,black,black,black,antique-brass,white,white,white,dark-grey,black,white,white,white,white,dark-grey,antique-brass,white,white,white,mahogany,bright-red,bright-red,bright-red,bright-red,bright-red,bright-red,dark-coral,black,dark-purple,dark-purple,dark-purple,dark-purple,dark-purple,dark-purple
dark-purple,dark-purple,dark-purple,dark-purple,dark-purple,dark-purple,dark-purple,dark-purple,black,dark-coral,bright-red,bright-red,black,black,black,black,black,black,dark-coral,bright-red,mahogany,black,black,black,black,black,black,dark-grey,dark-grey,black,mahogany,bright-red,dark-tan,dark-tan,dark-tan,dark-coral,mahogany,mahogany,mahogany,dark-coral,bright-red,bright-red,bright-red,black,dark-purple,dark-purple,dark-purple,dark-purple,dark-purple,dark-purple
dark-purple,dark-purple,dark-purple,dark-purple,dark-purple,dark-purple,dark-purple,dark-purple,black,mahogany,bright-red,bright-red,mahogany,black,black,black,mahogany,bright-red,bright-red,bright-red,bright-red,bright-red,mahogany,black,mahogany,dark-coral,dark-coral,mahogany,dark-coral,dark-coral,bright-red,bright-red,bright-red,bright-red,bright-red,bright-red,bright-red,mahogany,mahogany,bright-red,bright-red,dark-coral,black,black,dark-purple,dark-purple,dark-purple,dark-purple,dark-purple,dark-purple
dark-purple,dark-purple,dark-purple,dark-purple,dark-purple,dark-purple,dark-purple,dark-purple,black,black,brown,bright-red,bright-red,brown,black,dark-coral,bright-red,bright-red,bright-red,bright-red,bright-red,mahogany,black,dark-coral,bright-red,bright-red,bright-red,bright-red,bright-red,bright-red,bright-red,bright-red,bright-red,bright-red,bright-red,bright-red,mahogany,dark-coral,bright-red,bright-red,bright-red,black,black,dark-purple,dark-purple,dark-purple,dark-purple,dark-purple,dark-purple,dark-purple
dark-purple,dark-purple,dark-purple,dark-purple,dark-purple,dark-purple,dark-purple,dark-purple,dark-purple,black,black,dark-coral,bright-red,dark-coral,bright-red,bright-red,bright-red,bright-red,dark-tan,pale-peach,dark-coral,black,dark-coral,bright-red,bright-red,bright-red,bright-red,bright-red,bright-red,bright-red,dark-tan,pale-peach,bright-red,bright-red,bright-red,mahogany,dark-coral,bright-red,bright-red,bright-red,brown,black,dark-purple,dark-purple,dark-purple,dark-purple,dark-purple,dark-purple,dark-purple,dark-purple
dark-purple,dark-purple,dark-purple,dark-purple,dark-purple,dark-purple,dark-purple,dark-purple,dark-purple,dark-purple,black,brown,bright-red,bright-red,bright-red,bright-red,bright-red,pale-peach,white,dark-tan,black,mahogany,bright-red,bright-red,bright-red,bright-red,bright-red,bright-red,bright-red,pale-peach,white,pale-peach,bright-red,bright-red,dark-coral,mahogany,bright-red,bright-red,bright-red,mahogany,black,black,dark-purple,dark-purple,dark-purple,dark-purple,dark-purple,dark-purple,dark-purple,dark-purple
dark-purple,dark-purple,dark-purple,dark-purple,dark-purple,dark-purple,dark-purple,dark-purple,dark-purple,dark-purple,black,black,bright-red,bright-red,bright-red,dark-tan,pale-peach,white,dark-tan,mahogany,brown,bright-red,bright-red,bright-red,bright-red,bright-red,bright-red,bright-red,pale-peach,white,ecru,dark-tan,bright-red,dark-coral,brown,bright-red,bright-red,bright-red,dark-coral,black,black,dark-purple,dark-purple,dark-purple,dark-purple,dark-purple,dark-purple,dark-purple,dark-purple,dark-purple
dark-purple,dark-purple,dark-purple,dark-purple,dark-purple,dark-purple,dark-purple,dark-purple,dark-purple,dark-purple,black,black,bright-red,bright-red,bright-red,pale-peach,white,pale-peach,bright-red,black,dark-coral,bright-red,bright-red,bright-red,bright-red,bright-red,bright-red,dark-tan,white,white,dark-tan,bright-red,dark-coral,black,dark-coral,bright-red,bright-red,bright-red,black,black,dark-purple,dark-purple,dark-purple,dark-purple,dark-purple,dark-purple,dark-purple,dark-purple,dark-purple,dark-purple
dark-purple,dark-purple,dark-purple,dark-purple,dark-purple,dark-purple,dark-purple,dark-purple,dark-purple,dark-purple,black,dark-coral,bright-red,bright-red,pale-peach,white,pale-peach,bright-red,mahogany,dark-coral,bright-red,bright-red,bright-red,bright-red,bright-red,bright-red,dark-tan,white,white,dark-tan,bright-red,bright-red,black,dark-coral,bright-red,bright-red,bright-red,mahogany,black,dark-purple,dark-purple,dark-purple,dark-purple,dark-purple,dark-purple,dark-purple,dark-purple,dark-purple,dark-purple,dark-purple
dark-purple,dark-purple,dark-purple,dark-purple,dark-purple,dark-purple,dark-purple,dark-purple,dark-purple,black,black,bright-red,bright-red,dark-tan,white,white,dark-tan,bright-red,black,bright-red,bright-red,bright-red,bright-red,bright-red,bright-red,bright-red,pale-peach,white,white,bright-red,bright-red,mahogany,black,bright-red,bright-red,bright-red,dark-coral,black,black,dark-purple,dark-purple,dark-purple,dark-purple,dark-purple,dark-purple,dark-purple,dark-purple,dark-purple,dark-purple,dark-purple
dark-purple,dark-purple,dark-purple,dark-purple,dark-purple,dark-purple,dark-purple,dark-purple,dark-purple,black,dark-coral,bright-red,bright-red,pale-peach,white,ecru,bright-red,mahogany,dark-coral,bright-red,bright-red,bright-red,bright-red,bright-red,bright-red,bright-red,white,white,dark-tan,bright-red,bright-red,black,dark-coral,bright-red,bright-red,bright-red,brown,black,dark-purple,dark-purple,dark-purple,dark-purple,dark-purple,dark-purple,dark-purple,dark-purple,dark-purple,dark-purple,dark-purple,dark-purple
dark-purple,dark-purple,dark-purple,dark-purple,dark-purple,dark-purple,dark-purple,dark-purple,black,black,bright-red,bright-red,dark-tan,white,white,dark-tan,bright-red,black,bright-red,bright-red,bright-red,bright-red,bright-red,bright-red,bright-red,dark-tan,white,white,dark-tan,bright-red,dark-coral,brown,bright-red,bright-red,bright-red,bright-red,black,black,dark-purple,dark-purple,dark-purple,dark-purple,dark-purple,dark-purple,dark-purple,dark-purple,dark-purple,dark-purple,dark-purple,dark-purple
dark-purple,dark-purple,dark-purple,dark-purple,dark-purple,dark-purple,dark-purple,dark-purple,black,mahogany,bright-red,bright-red,pale-peach,white,white,dark-tan,dark-coral,mahogany,bright-red,bright-red,bright-red,bright-red,bright-red,bright-red,bright-red,white,white,pale-peach,bright-red,bright-red,brown,dark-coral,bright-red,bright-red,bright-red,mahogany,black,dark-purple,dark-purple,dark-purple,dark-purple,dark-purple,dark-purple,dark-purple,dark-purple,dark-purple,dark-purple,dark-purple,dark-purple,dark-purple
dark-purple,dark-purple,dark-purple,dark-purple,dark-purple,dark-purple,dark-purple,dark-purple,black,dark-coral,bright-red,dark-tan,white,white,ecru,bright-red,dark-coral,dark-coral,bright-red,bright-red,bright-red,bright-red,bright-red,bright-red,dark-tan,white,white,dark-tan,bright-red,dark-coral,black,bright-red,bright-red,bright-red,bright-red,black,black,dark-purple,dark-purple,dark-purple,dark-purple,dark-purple,dark-purple,dark-purple,dark-purple,dark-purple,dark-purple,dark-purple,dark-purple,dark-purple
dark-purple,dark-purple,dark-purple,dark-purple,dark-purple,dark-purple,dark-purple,black,black,bright-red,bright-red,dark-tan,white,white,pale-peach,bright-red,dark-coral,bright-red,bright-red,bright-red,bright-red,bright-red,bright-red,bright-red,pale-peach,white,white,bright-red,bright-red,mahogany,brown,bright-red,bright-red,bright-red,dark-coral,black,dark-purple,dark-purple,dark-purple,dark-purple,dark-purple,dark-purple,dark-purple,dark-purple,dark-purple,dark-purple,dark-purple,dark-purple,dark-purple,dark-purple
dark-purple,dark-purple,dark-purple,dark-purple,dark-purple,dark-purple,dark-purple,black,brown,bright-red,bright-red,dark-tan,white,white,dark-tan,bright-red,dark-coral,bright-red,bright-red,bright-red,bright-red,bright-red,bright-red,bright-red,white,white,pale-peach,bright-red,bright-red,black,dark-coral,bright-red,bright-red,bright-red,brown,black,dark-purple,dark-purple,dark-purple,dark-purple,dark-purple,dark-purple,dark-purple,dark-purple,dark-purple,dark-purple,dark-purple,dark-purple,dark-purple,dark-purple
dark-purple,dark-purple,dark-purple,dark-purple,dark-purple,dark-purple,dark-purple,black,mahogany,bright-red,bright-red,pale-peach,white,white,dark-tan,bright-red,bright-red,bright-red,bright-red,bright-red,bright-red,bright-red,bright-red,dark-tan,white,white,dark-tan,bright-red,dark-coral,black,dark-coral,bright-red,bright-red,dark-coral,black,black,dark-purple,dark-purple,dark-purple,dark-purple,dark-purple,dark-purple,dark-purple,dark-purple,dark-purple,dark-purple,dark-purple,dark-purple,dark-purple,dark-purple
dark-purple,dark-purple,dark-purple,dark-purple,dark-purple,dark-purple,dark-purple,black,mahogany,bright-red,bright-red,dark-tan,white,white,bright-red,bright-red,bright-red,bright-red,bright-red,bright-red,bright-red,bright-red,bright-red,white,white,white,dark-tan,bright-red,dark-coral,black,bright-red,bright-red,bright-red,brown,black,dark-purple,dark-purple,dark-purple,dark-purple,dark-purple,dark-purple,dark-purple,dark-purple,dark-purple,dark-purple,dark-purple,dark-purple,dark-purple,dark-purple,dark-purple
dark-purple,dark-purple,dark-purple,dark-purple,dark-purple,dark-purple,dark-purple,black,mahogany,bright-red,bright-red,dark-tan,pale-peach,dark-tan,bright-red,bright-red,bright-red,bright-red,bright-red,bright-red,bright-red,bright-red,dark-tan,white,white,white,bright-red,bright-red,brown,mahogany,bright-red,bright-red,mahogany,black,black,dark-purple,dark-purple,dark-purple,dark-purple,dark-purple,dark-purple,dark-purple,dark-purple,dark-purple,dark-purple,dark-purple,dark-purple,dark-purple,dark-purple,dark-purple
dark-purple,dark-purple,dark-purple,dark-purple,dark-purple,dark-purple,dark-purple,black,brown,bright-red,bright-red,bright-red,bright-red,bright-red,bright-red,bright-red,bright-red,bright-red,bright-red,bright-red,bright-red,dark-tan,white,white,white,pale-peach,bright-red,dark-coral,black,dark-coral,bright-red,dark-coral,black,black,dark-purple,dark-purple,dark-purple,dark-purple,dark-purple,dark-purple,dark-purple,dark-purple,dark-purple,dark-purple,dark-purple,dark-purple,dark-purple,dark-purple,dark-purple,dark-purple
dark-purple,dark-purple,dark-purple,dark-purple,dark-purple,dark-purple,dark-purple,black,black,bright-red,bright-red,bright-red,bright-red,bright-red,bright-red,bright-red,bright-red,bright-red,bright-red,bright-red,bright-red,dark-tan,white,white,white,dark-tan,bright-red,mahogany,black,bright-red,mahogany,black,black,dark-purple,dark-purple,dark-purple,dark-purple,dark-purple,dark-purple,dark-purple,dark-purple,dark-purple,dark-purple,dark-purple,dark-purple,dark-purple,dark-purple,dark-purple,dark-purple,dark-purple
dark-purple,dark-purple,dark-purple,dark-purple,dark-purple,dark-purple,dark-purple,dark-purple,black,dark-coral,bright-red,bright-red,bright-red,bright-red,bright-red,bright-red,bright-red,bright-red,bright-red,bright-red,bright-red,dark-tan,white,white,pale-peach,bright-red,dark-coral,black,black,brown,black,black,dark-purple,dark-purple,dark-purple,dark-purple,dark-purple,dark-purple,dark-purple,dark-purple,dark-purple,dark-purple,dark-purple,dark-purple,dark-purple,dark-purple,dark-purple,dark-purple,dark-purple,dark-purple
dark-purple,dark-purple,dark-purple,dark-purple,dark-purple,dark-purple,dark-purple,dark-purple,black,mahogany,bright-red,bright-red,bright-red,bright-red,bright-red,bright-red,bright-red,bright-red,bright-red,bright-red,bright-red,bright-red,dark-tan,dark-tan,bright-red,bright-red,brown,black,black,black,black,dark-purple,dark-purple,dark-purple,dark-purple,dark-purple,dark-purple,dark-purple,dark-purple,dark-purple,dark-purple,dark-purple,dark-purple,dark-purple,dark-purple,dark-purple,dark-purple,dark-purple,dark-purple,dark-purple
dark-purple,dark-purple,dark-purple,dark-purple,dark-purple,dark-purple,dark-purple,dark-purple,black,black,bright-red,bright-red,bright-red,bright-red,bright-red,bright-red,bright-red,bright-red,bright-red,bright-red,bright-red,bright-red,bright-red,bright-red,bright-red,mahogany,black,black,dark-purple,dark-purple,dark-purple,dark-purple,dark-purple,dark-purple,dark-purple,dark-purple,dark-purple,dark-purple,dark-purple,dark-purple,dark-purple,dark-purple,dark-purple,dark-purple,dark-purple,dark-purple,dark-purple,dark-purple,dark-purple,dark-purple
dark-purple,dark-purple,dark-purple,dark-purple,dark-purple,dark-purple,dark-purple,dark-purple,dark-purple,black,brown,bright-red,bright-red,bright-red,bright-red,bright-red,bright-red,bright-red,bright-red,bright-red,bright-red,bright-red,bright-red,bright-red,dark-coral,black,black,dark-purple,dark-purple,dark-purple,dark-purple,dark-purple,dark-purple,dark-purple,dark-purple,dark-purple,dark-purple,dark-purple,dark-purple,dark-purple,dark-purple,dark-purple,dark-purple,dark-purple,dark-purple,dark-purple,dark-purple,dark-purple,dark-purple,dark-purple
dark-purple,dark-purple,dark-purple,dark-purple,dark-purple,dark-purple,dark-purple,dark-purple,dark-purple,black,black,brown,bright-red,bright-red,bright-red,bright-red,bright-red,bright-red,bright-red,bright-red,bright-red,bright-red,bright-red,dark-coral,black,black,dark-purple,dark-purple,dark-purple,dark-purple,dark-purple,dark-purple,dark-purple,dark-purple,dark-purple,dark-purple,dark-purple,dark-purple,dark-purple,dark-purple,dark-purple,dark-purple,dark-purple,dark-purple,dark-purple,dark-purple,dark-purple,dark-purple,dark-purple,dark-purple
dark-purple,dark-purple,dark-purple,dark-purple,dark-purple,dark-purple,dark-purple,dark-purple,dark-purple,dark-purple,black,black,brown,dark-coral,bright-red,bright-red,bright-red,bright-red,bright-red,bright-red,bright-red,bright-red,dark-coral,black,black,dark-purple,dark-purple,dark-purple,dark-purple,dark-purple,dark-purple,dark-purple,dark-purple,dark-purple,dark-purple,dark-purple,dark-purple,dark-purple,dark-purple,dark-purple,dark-purple,dark-purple,dark-purple,dark-purple,dark-purple,dark-purple,dark-purple,dark-purple,dark-purple,dark-purple
dark-purple,dark-purple,dark-purple,dark-purple,dark-purple,dark-purple,dark-purple,dark-purple,dark-purple,dark-purple,dark-purple,black,black,black,brown,dark-coral,dark-coral,bright-red,bright-red,dark-coral,dark-coral,black,black,black,dark-purple,dark-purple,dark-purple,dark-purple,dark-purple,dark-purple,dark-purple,dark-purple,dark-purple,dark-purple,dark-purple,dark-purple,dark-purple,dark-purple,dark-purple,dark-purple,dark-purple,dark-purple,dark-purple,dark-purple,dark-purple,dark-purple,dark-purple,dark-purple,dark-purple,dark-purple
dark-purple,dark-purple,dark-purple,dark-purple,dark-purple,dark-purple,dark-purple,dark-purple,dark-purple,dark-purple,dark-purple,dark-purple,dark-purple,black,black,black,black,black,black,black,black,black,black,dark-purple,dark-purple,dark-purple,dark-purple,dark-purple,dark-purple,dark-purple,dark-purple,dark-purple,dark-purple,dark-purple,dark-purple,dark-purple,dark-purple,dark-purple,dark-purple,dark-purple,dark-purple,dark-purple,dark-purple,dark-purple,dark-purple,dark-purple,dark-purple,dark-purple,dark-purple,dark-purple
dark-purple,dark-purple,dark-purple,dark-purple,dark-purple,dark-purple,dark-purple,dark-purple,dark-purple,dark-purple,dark-purple,dark-purple,dark-purple,dark-purple,dark-purple,dark-purple,dark-purple,dark-purple,dark-purple,dark-purple,dark-purple,dark-purple,dark-purple,dark-purple,dark-purple,dark-purple,dark-purple,dark-purple,dark-purple,dark-purple,dark-purple,dark-purple,dark-purple,dark-purple,dark-purple,dark-purple,dark-purple,dark-purple,dark-purple,dark-purple,dark-purple,dark-purple,dark-purple,dark-purple,dark-purple,dark-purple,dark-purple,dark-purple,dark-purple,dark-purple
dark-purple,dark-purple,dark-purple,dark-purple,dark-purple,dark-purple,dark-purple,dark-purple,dark-purple,dark-purple,dark-purple,dark-purple,dark-purple,dark-purple,dark-purple,dark-purple,dark-purple,dark-purple,dark-purple,dark-purple,dark-purple,dark-purple,dark-purple,dark-purple,dark-purple,dark-purple,dark-purple,dark-purple,dark-purple,dark-purple,dark-purple,dark-purple,dark-purple,dark-purple,dark-purple,dark-purple,dark-purple,dark-purple,dark-purple,dark-purple,dark-purple,dark-purple,dark-purple,dark-purple,dark-purple,dark-purple,dark-purple,dark-purple,dark-purple,dark-purple
dark-purple,dark-purple,dark-purple,dark-purple,dark-purple,dark-purple,dark-purple,dark-purple,dark-purple,dark-purple,dark-purple,dark-purple,dark-purple,dark-purple,dark-purple,dark-purple,dark-purple,dark-purple,dark-purple,dark-purple,dark-purple,dark-purple,dark-purple,dark-purple,dark-purple,dark-purple,dark-purple,dark-purple,dark-purple,dark-purple,dark-purple,dark-purple,dark-purple,dark-purple,dark-purple,dark-purple,dark-purple,dark-purple,dark-purple,dark-purple,dark-purple,dark-purple,dark-purple,dark-purple,dark-purple,dark-purple,dark-purple,dark-purple,dark-purple,dark-purple
dark-purple,dark-purple,dark-purple,dark-purple,dark-purple,dark-purple,dark-purple,dark-purple,dark-purple,dark-purple,dark-purple,dark-purple,dark-purple,dark-purple,dark-purple,dark-purple,dark-purple,dark-purple,dark-purple,dark-purple,dark-purple,dark-purple,dark-purple,dark-purple,dark-purple,dark-purple,dark-purple,dark-purple,dark-purple,dark-purple,dark-purple,dark-purple,dark-purple,dark-purple,dark-purple,dark-purple,dark-purple,dark-purple,dark-purple,dark-purple,dark-purple,dark-purple,dark-purple,dark-purple,dark-purple,dark-purple,dark-purple,dark-purple,dark-purple,dark-purple
